{"floor":[{"allVertices":[[-18.053,16.015,0],[-18.053,7.865,0],[-11.433,7.865,0],[-11.433,6.565,0],[-14.273,6.565,0],[-14.273,-3.085,0],[-14.273,-3.395,0],[-14.273,-13.075,0],[-6.203,-13.075,0],[-6.203,-13.065,0],[20.527,-13.065,0],[20.527,-4.895,0],[20.477,-4.895,0],[20.477,-3.345,0],[20.477,2.705,0],[12.237,2.705,0],[12.237,-3.345,0],[14.377,-3.345,0],[14.377,-4.895,0],[-6.203,-4.895,0],[-6.203,-3.395,0],[-2.733,-3.395,0],[-2.733,6.565,0],[-6.203,6.565,0],[-6.203,7.865,0],[1.517,7.865,0],[1.517,16.015,0]],"holeNums":[],"opacity":1,"meshColor":[0.8588235294117647,0.8588235294117647,0.8588235294117647],"lineColor":[0.16862745098039217,0.3176470588235294,0.6627450980392157],"scale":[1,1,1],"quaternion":[0,0,0,1],"name":"","height":0.1,"txtHeight":0.30000000000000004,"position":[-1.577,-1.4752,0]},{"allVertices":[[7.784,7.753,0],[3.454,7.753,0],[3.454,1.733,0],[5.564,1.733,0],[5.564,0.023,0],[-10.346,0.023,0],[-11.186,0.023,0],[-11.186,-4.007,0],[-11.186,-5.137,0],[-10.346,-5.137,0],[-10.346,-4.007,0],[7.714,-4.007,0],[7.714,-0.227,0],[7.784,-0.227,0],[7.784,1.733,0],[7.784,1.973,0]],"holeNums":[],"opacity":0.44,"meshColor":[0.10588235294117647,0.7450980392156863,1],"lineColor":[0.16862745098039217,0.3176470588235294,0.6627450980392157],"scale":[1,1,1],"quaternion":[0,0,0,1],"name":"","height":0.1,"txtHeight":0.30000000000000004,"position":[7.3363,-6.6231,0]}],"buildings":[{"allVertices":[[1.599,-0.222,0],[1.599,0.218,0],[1.599,0.258,0],[1.599,0.418,0],[-1.331,0.418,0],[-1.331,0.368,0],[-1.331,0.218,0],[-1.331,-0.152,0],[-1.331,-0.332,0],[-1.331,-0.352,0],[-0.451,-0.352,0],[-0.271,-0.352,0],[-0.251,-0.352,0],[-0.251,0.218,0],[1.409,0.218,0],[1.409,-0.222,0],[-1.131,-0.152,0],[-0.451,-0.152,0],[-0.451,0.218,0],[-1.131,0.218,0]],"holeNums":[16],"opacity":0.9,"meshColor":[0.10588235294117647,0.7450980392156863,1],"lineColor":[0.16862745098039217,0.3176470588235294,0.6627450980392157],"scale":[1,1,1],"quaternion":[0,0,0,1],"name":"","height":0.8,"txtHeight":1,"position":[-10.5087,-6.8681,0]},{"allVertices":[[-0.934,-0.757,0],[-0.734,-0.757,0],[-0.254,-0.757,0],[-0.254,-0.557,0],[-0.734,-0.557,0],[-0.734,-0.207,0],[-0.734,-0.137,0],[-0.454,-0.137,0],[-0.454,-0.137,0],[-0.254,-0.137,0],[-0.254,-0.137,0],[1.846,-0.137,0],[1.846,-0.417,0],[2.046,-0.417,0],[2.046,0.463,0],[1.846,0.463,0],[1.846,0.073,0],[-0.254,0.073,0],[-0.254,0.593,0],[-0.254,0.783,0],[-0.454,0.783,0],[-0.734,0.783,0],[-0.924,0.783,0],[-0.934,0.783,0],[-0.934,-0.137,0],[-0.934,-0.207,0],[-0.734,0.593,0],[-0.734,0.073,0],[-0.454,0.073,0],[-0.454,0.593,0]],"holeNums":[26],"opacity":0.9,"meshColor":[0.10588235294117647,0.7450980392156863,1],"lineColor":[0.16862745098039217,0.3176470588235294,0.6627450980392157],"scale":[1,1,1],"quaternion":[0,0,0,1],"name":"","height":0.8,"txtHeight":1,"position":[-10.9858,-8.5735,0]},{"allVertices":[[-1.297,0.411,0],[-1.297,-0.159,0],[-1.307,-0.159,0],[-1.307,-0.359,0],[-0.217,-0.359,0],[-0.217,-0.349,0],[1.413,-0.349,0],[1.413,-0.359,0],[1.613,-0.359,0],[1.613,0.251,0],[1.413,0.251,0],[1.413,-0.149,0],[-0.217,-0.149,0],[-0.217,0.211,0],[-0.217,0.391,0],[-0.217,0.411,0],[-1.097,0.411,0],[-1.277,0.411,0],[-0.417,0.211,0],[-1.097,0.211,0],[-1.097,-0.159,0],[-0.417,-0.159,0]],"holeNums":[18],"opacity":0.9,"meshColor":[0.10588235294117647,0.7450980392156863,1],"lineColor":[0.16862745098039217,0.3176470588235294,0.6627450980392157],"scale":[1,1,1],"quaternion":[0,0,0,1],"name":"","height":0.8,"txtHeight":1,"position":[-10.5633,-10.2911,0]},{"allVertices":[[1.519,-1.715,0],[1.519,1.085,0],[1.519,1.285,0],[0.999,1.285,0],[0.999,1.085,0],[1.319,1.085,0],[1.319,0.465,0],[-0.051,0.465,0],[-0.051,1.065,0],[0.329,1.065,0],[0.329,1.275,0],[-1.411,1.275,0],[-1.411,1.065,0],[-1.411,0.265,0],[-1.401,0.265,0],[-1.211,0.265,0],[1.319,0.265,0],[1.319,-0.305,0],[-1.451,-0.305,0],[-1.451,-0.505,0],[1.319,-0.505,0],[1.319,-1.515,0],[-1.201,-1.515,0],[-1.201,-1.125,0],[-1.401,-1.125,0],[-1.401,-1.515,0],[-1.401,-1.715,0],[1.319,-1.715,0],[-1.211,0.465,0],[-0.251,0.465,0],[-0.251,1.065,0],[-1.211,1.065,0]],"holeNums":[28],"opacity":0.9,"meshColor":[0.10588235294117647,0.7450980392156863,1],"lineColor":[0.16862745098039217,0.3176470588235294,0.6627450980392157],"scale":[1,1,1],"quaternion":[0,0,0,1],"name":"","height":0.8,"txtHeight":1,"position":[-10.5293,8.135,0]},{"allVertices":[[-1.937,3.536,0],[-1.937,0.936,0],[-1.937,0.886,0],[-1.937,-4.464,0],[-1.737,-4.464,0],[1.033,-4.464,0],[1.033,-4.264,0],[1.033,-1.804,0],[0.843,-1.804,0],[0.843,-3.704,0],[-0.167,-3.704,0],[-0.167,-3.714,0],[-0.287,-3.714,0],[-0.287,-4.264,0],[-1.737,-4.264,0],[-1.737,-1.024,0],[0.883,-1.024,0],[0.883,-1.304,0],[1.083,-1.304,0],[1.083,-0.544,0],[1.083,-0.404,0],[1.093,-0.404,0],[1.093,0.346,0],[1.043,0.346,0],[0.893,0.346,0],[0.363,0.346,0],[0.363,0.146,0],[0.893,0.146,0],[0.893,-0.344,0],[-1.737,-0.344,0],[-1.737,0.886,0],[-1.737,0.936,0],[-1.737,1.366,0],[0.333,1.366,0],[0.333,1.026,0],[0.333,0.826,0],[0.853,0.826,0],[1.053,0.826,0],[1.053,1.366,0],[1.053,1.566,0],[-1.737,1.566,0],[-1.737,3.316,0],[0.843,3.316,0],[0.843,2.356,0],[0.323,2.356,0],[0.323,2.156,0],[0.843,2.156,0],[1.043,2.156,0],[1.043,3.316,0],[1.043,3.526,0],[-1.737,3.526,0],[-1.737,3.536,0],[-1.737,-0.824,0],[-0.547,-0.824,0],[-0.547,-0.544,0],[-1.737,-0.544,0],[-0.347,-0.824,0],[0.883,-0.824,0],[0.883,-0.544,0],[-0.347,-0.544,0],[0.543,1.366,0],[0.543,1.026,0],[0.853,1.026,0],[0.853,1.366,0],[-0.087,-4.264,0],[0.843,-4.264,0],[0.843,-3.904,0],[-0.087,-3.904,0]],"holeNums":[52,56,60,64],"opacity":0.9,"meshColor":[0.10588235294117647,0.7450980392156863,1],"lineColor":[0.16862745098039217,0.3176470588235294,0.6627450980392157],"scale":[1,1,1],"quaternion":[0,0,0,1],"name":"","height":0.8,"txtHeight":1,