{"floor":[{"allVertices":[[-4,5.5,0],[-4,-5.5,0],[4,-5.5,0],[4,5.5,0]],"holeNums":[],"opacity":0.2,"meshColor":[0.8588235294117647,0.8588235294117647,0.8588235294117647],"lineColor":[0.16862745098039217,0.3176470588235294,0.6627450980392157],"scale":[6.173898619577643,5.363897681408166,1],"quaternion":[0,0,0,1],"name":"","height":0.1,"txtHeight":0.5,"position":[-0.017763357616568776,0.08335830652708487,-0.1001]}],"buildings":[{"allVertices":[[-0.053613338619470596,22.67182731628418,0],[0.34638723731040955,22.67182731628418,0],[0.34638723731040955,23.83970832824707,0],[6.858563423156738,23.83970832824707,0],[6.858563423156738,3.2597079277038574,0],[-0.5047051310539246,3.2597079277038574,0],[-0.5194107890129089,2.859707832336426,0],[7.689448356628418,2.859707832336426,0],[7.693408489227295,3.2597079277038574,0],[7.25856351852417,3.2597079277038574,0],[7.25856351852417,23.83970832824707,0],[29.762704849243164,23.83970832824707,0],[29.762704849243164,3.2597079277038574,0],[11.853283882141113,3.2597079277038574,0],[11.853283882141113,2.859707832336426,0],[29.762704849243164,2.859707832336426,0],[29.762704849243164,-33.4102897644043,0],[-4.123396873474121,-33.4102897644043,0],[-4.123396873474121,-28.010534286499023,0],[-4.5233964920043945,-28.010536193847656,0],[-16.205957412719727,-28.010536193847656,0],[-16.205957412719727,-5.185292720794678,0],[-4.715958595275879,-5.185292720794678,0],[-4.715958595275879,-4.785292625427246,0],[-16.205957412719727,-4.785292625427246,0],[-16.205957412719727,2.859707832336426,0],[-16.074520111083984,2.859707832336426,0],[-16.09084701538086,3.259707450866699,0],[-16.205957412719727,3.259707450866699,0],[-16.205957412719727,3.3578529357910156,0],[-16.605958938598633,3.3565187454223633,0],[-16.605958938598633,3.259707450866699,0],[-16.605958938598633,2.859707832336426,0],[-16.605958938598633,-28.444416046142578,0],[-16.205957412719727,-28.4477481842041,0],[-16.205957412719727,-28.41053581237793,0],[-4.5233964920043945,-28.41053581237793,0],[-4.5233964920043945,-33.4102897644043,0],[-4.592714309692383,-33.4102897644043,0],[-4.574993133544922,-33.8102912902832,0],[-4.5233964920043945,-33.81053924560547,0],[-4.123396873474121,-33.81053924560547,0],[30.162704467773438,-33.8102912902832,0],[30.162704467773438,-33.41029357910156,0],[30.162704467773438,23.83970832824707,0],[30.17522621154785,23.83970832824707,0],[30.112930297851562,24.239707946777344,0],[-4.671516418457031,24.239707946777344,0],[-4.7168731689453125,17.481582641601562,0],[-4.7168731689453125,3.2597079277038574,0],[-10.120561599731445,3.2597079277038574,0],[-10.161067962646484,2.859707832336426,0],[-4.143239974975586,2.859707832336426,0],[-4.146246910095215,3.2597079277038574,0],[-4.316871643066406,3.2597079277038574,0],[-4.316871643066406,20.046979904174805,0],[-0.05361286178231239,20.046979904174805,0],[0.34638676047325134,20.046979904174805,0],[0.34638723731040955,21.046979904174805,0],[-0.05361286178231239,21.046979904174805,0],[-0.05361286178231239,20.446979522705078,0],[-4.316871643066406,20.446979522705078,0],[-4.316871643066406,23.83970832824707,0],[-0.053613338619470596,23.83970832824707,0]],"holeNums":[],"opacity":0.2,"meshColor":[0.10588235294117647,0.7450980392156863,1],"lineColor":[0.16862745098039217,0.3176470588235294,0.6627450980392157],"scale":[1,1,1],"quaternion":[0,0,0,1],"name":"","height":3.6,"txtHeight":3.9,"position":[-6.928575296187773,4.704805575078353,0]},{"allVertices":[[-1.0290106534957886,5.913684844970703,0],[-1.0290106534957886,-5.913684844970703,0],[1.0290106534957886,-5.913684844970703,0],[1.0290106534957886,5.913684844970703,0]],"holeNums":[],"opacity":"0.90","meshColor":[0.5607843137254902,0.3058823529411765,0.1568627450980392],"lineColor":[0.16862745098039217,0.3176470588235294,0.6627450980392157],"scale":[0.7512527568491036,0.6349840414048373,1],"quaternion":[0,0,0,1],"name":"柜子","height":2.3,"txtHeight":2.5999999999999996,"position":[-12.356094171391286,-4.315922058433383,0]},{"allVertices":[[-1.0290106534957886,4.04254150390625,0],[-1.0290106534957886,-4.04254150390625,0],[1.0290106534957886,-4.04254150390625,0],[1.0290106534957886,4.04254150390625,0]],"holeNums":[],"opacity":"0.90","meshColor":[0.5607843137254902,0.3058823529411765,0.1568627450980392],"lineColor":[0.16862745098039217,0.3176470588235294,0.6627450980392157],"scale":[0.7025012371836683,0.5135612662294816,1],"quaternion":[0,0,0,1],"name":"柜子","height":2.3,"txtHeight":2.5999999999999996,"position":[-12.190509355993225,-20.81080323230888,0]},{"allVertices":[[-10.622016906738281,2.190790891647339,0],[-10.622016906738281,-2.190790891647339,0],[10.622016906738281,-2.190790891647339,0],[10.622016906738281,2.190790891647339,0]],"holeNums":[],"opacity":"0.90","meshColor":[0.5607843137254902,0.3058823529411765,0.1568627450980392],"lineColor":[0.16862745098039217,0.3176470588235294,0.6627450980392157],"scale":[1,1,1],"quaternion":[0,0,0,1],"name":"八人办公桌1","height":1.3,"txtHeight":1.6,"position":[4.132896813208483,-0.3114479644063415,0]},{"allVertices":[[-1.4605273008346558,13.211133003234863,0],[-1.4605273008346558,-13.211133003234863,0],[1.4605273008346558,-13.211133003234863,0],[1.4605273008346558,13.211133003234863,0]],"holeNums":[],"opacity":"0.90","meshColor":[0.5607843137254902,0.3058823529411765,0.1568627450980392],"lineColor":[0.16862745098039217,0.3176470588235294,0.6627450980392157],"scale":[1,0.7998675062711093,1],"quaternion":[0,0,0,1],"name":"三人办公桌","height":1.3,"txtHeight":1.6,"position":[18.840642625160925,-11.935915442310298,0]},{"allVertices":[[-10.622016906738281,2.190790891647339,0],[-10.622016906738281,-2.190790891647339,0],[10.622016906738281,-2.190790891647339,0],[10.622016906738281,2.190790891647339,0]],"holeNums":[],"opacity":"0.90","meshColor":[0.5607843137254902,0.3058823529411765,0.1568627450980392],"lineColor":[0.16862745098039217,0.3176470588235294,0.6627450980392157],"scale":[1,1,1],"quaternion":[0,0,0,1],"name":"八人办公桌2","height":1.3,"txtHeight":1.6,"position":[4.5945727423613665,-15.340546983861943,0]},{"allVertices":[[-3.639061689376831,2.131338596343994,0],[-3.639061689376831,-2.131338596343994,0],[3.639061689376831,-2.131338596343994,0],[3.639061689376831,2.131338596343994,0]],"holeNums":[],"opacity":"0.90","meshColor":[0.5607843137254902,0.3058823529411765,0.1568627450980392],"lineColor":[0.16862745098039217,0.3176470588235294,0.6627450980392157],"scale":[1,1,1],"quaternion":[0,0,0,1],"name":"桌子1","height":1.3,"txtHeight":1.6,"position":[-7.197766157933973,16.412874319864436,0]},{"allVertices":[[-3.5870039463043213,5.851125717163086,0],[-3.5870039463043213,-5.851125717163086,0],[3.5870039463043213,-5.851125717163086,0],[3.5870039463043213,5.851125717163086,0]],"holeNums":[],"opacity":"0.90","meshColor":[0.5607843137254902,0.3058823529411765,0.1568627450980392],"lineColor":[0.16862745098039217,0.3176470588235294,0.6627450980392157],"scale":[1,1,1],"quaternion":[0,0,0,1],"name":"会议桌","height":1.3,"txtHeight":1.6,"position":[8.924063012437404,17.913321089611287,0]}],"navPaths":{"rings":[{"x":-20.15574420866151,"y":12.293812026065172},{"x":-20.065249109844196,"y":4.3725163577512784},{"x":-8.237611980522573,"y":4.3505066229289255},{"x":-8.239712964049328,"y":-13.57939549810473},{"x":-18.802167838907714,"y":-13.418913380206817},{"x":-18.930704248430178,"y":-3.3161760843560337},{"x":-18.813668475531504,"y":-20.77931482951779},{"x":-11.82899840926488,"y":-21.406418818908186},{"x":-8.153363506228628,"y":-21.378964125467057},{"x":-12.049719994317975,"y":-4.543558314349038},{"x":-8.338802606994163,"y":-4.629061704303177},{"x":-8.085891671633217,"y":11.905696569280808},{"x":-2.069657124034827,"y":11.826338537654507},{"x":-7.99667369237593,"y":16.81551090396001},{"x":-2.19273856349971,"y":22.600010106886366},{"x":-7.99931926831984,"y":22.53912523912548},{"x":-7.947330913063125,"y":18.889996488513944},{"x":-2.2563561478087295,"y":26.657653644188976},{"x":-9.131202108196995,"y":26.7213004046803},{"x":-2.2430706803607867,